Symbol,WinRate,Returns,Actual_Ret,Prev_Volatility,Prev_Returns_CAGR,Previous_Sharpe,No.,CAGR,Vol,Sharpe,Drawdown,Calmar
OMAXE,45.45454545,1.082316579,0.413651884,0.13694088,-2.334339811,-0.535584393,11,0.893487779,19.18449241,-0.214053733,31.84149298,0.028060486
HDFCBANK,80,1.302758599,1.5926206,0.160597284,29.06196105,1.498279451,5,3.018786045,8.944955745,-0.22148952,10.13460729,0.29786907
PGHH,66.66666667,1.66659776,1.612480839,0.192800435,21.4548108,0.853463366,9,5.911916854,21.50893353,0.042397121,10.19231091,0.580036942
GLAXO,50,2.019426188,2.215972409,0.2009607,13.87196745,0.441477735,8,8.22381159,32.1201845,0.100367157,21.52182752,0.382114929
COLPAL,77.77777778,2.153682436,2.403230994,0.204076667,19.82372991,0.726380438,9,9.009967827,24.34762837,0.164696445,10.18081845,0.88499445
POWERGRID,100,2.764656425,2.775859415,0.206761232,6.392575775,0.06735188,4,12.11467456,30.35065016,0.234415886,0,inf
WIPRO,61.53846154,2.511936927,2.039201494,0.209006704,26.40671112,1.024211698,13,10.91773237,35.81073037,0.165250256,34.92514929,0.312603742
SKFINDIA,66.66666667,1.841383428,3.169546511,0.209380288,27.17478919,1.059067663,9,7.106398312,21.06992107,0.099971818,19.18758358,0.370364423
SANOFI,66.66666667,1.443805144,1.652311653,0.21307464,19.09472808,0.66149252,3,4.216553887,19.61194771,-0.039947389,9.717115331,0.433930621
GILLETTE,50,0.945145552,1.092105497,0.21514955,19.6285942,0.679926787,8,-0.632392534,11.14604755,-0.505326441,34.06638664,-0.018563534
HINDUNILVR,75,1.804719426,1.649966298,0.21668138,15.82197569,0.499441885,8,6.864441044,19.64648172,0.094899487,10.12245316,0.678140065
TCS,81.81818182,2.508550165,2.446295055,0.223845109,26.98892837,0.982327846,11,10.89577812,23.44034033,0.251522718,10.17718695,1.070608034
OFSS,66.66666667,3.800713096,1.888430008,0.225237093,17.97922606,0.576247272,12,16.19988885,42.06487459,0.266252757,19.1845024,0.844425803
AKZOINDIA,66.66666667,1.511784461,1.337522178,0.228477842,19.4516868,0.632520277,3,4.757132162,22.44199907,-0.010822023,10.03148075,0.474220335
NTPC,87.5,5.709080502,2.550267013,0.228654275,5.02277953,0.000996243,8,21.63980452,39.99735349,0.416022638,10.19319827,2.122965133
KOTAKBANK,80,1.612305576,1.476467508,0.231257589,43.50677385,1.665103145,10,5.518209574,12.12123711,0.042752202,10.16704362,0.542754588
HEROMOTOCO,87.5,1.438931397,1.353176319,0.236342368,15.13933924,0.429010647,8,4.176935096,28.32565263,-0.029057227,43.94364842,0.095052078
MARUTI,100,3.023075279,1.37475414,0.237359238,28.45172977,0.988026841,6,13.25950225,27.04208947,0.305431363,0,inf
SCHAEFFLER,81.25,2.16835421,3.97012347,0.237784881,32.01126805,1.135953976,16,9.093224019,31.7830635,0.128786327,48.43899245,0.187725292
BAJAJ-AUTO,71.42857143,2.477374364,3.262488446,0.237956771,20.55013366,0.653485656,14,10.73993919,24.70438796,0.232344926,19.2211025,0.558757709
INDUSINDBK,100,2.552673083,0.781543837,0.238145039,31.4383608,1.110178945,7,11.1134234,21.1715259,0.288756863,0,inf
SOLARINDS,80,7.100228487,8.644824822,0.24038587,27.4454042,0.933723942,10,24.65950612,49.37886377,0.398136057,19.32920474,1.275764133
DBCORP,50,0.708191806,0.949691522,0.240551358,-4.999844137,-0.415705163,14,-3.805664593,21.65814476,-0.406575203,52.90666337,-0.071931669
PIDILITIND,66.66666667,2.215286242,2.974015391,0.242826972,38.87476453,1.395016551,9,9.356226872,28.27922564,0.154043358,19.23811174,0.486338108
INFY,62.5,1.904262444,2.544096021,0.243450598,33.87448505,1.186051103,8,7.511574659,22.41975686,0.112025062,10.19164969,0.737032266
ASIANPAINT,90,2.063678468,2.472293254,0.244876213,28.78434777,0.971280448,10,8.487932668,12.51615767,0.278674395,10.12353553,0.838435608
DABUR,75,1.63327696,1.582462281,0.24503173,27.16983798,0.904774169,4,5.671661437,21.93953678,0.030614203,10.18965267,0.556609888
CRISIL,60,1.196268157,2.152134499,0.245889643,27.27867426,0.90604362,10,2.03561912,11.50093064,-0.257751392,10.63617399,0.191386406
BRITANNIA,77.77777778,2.071712188,1.99900677,0.247740189,27.99777263,0.928302054,9,8.535342203,22.50656482,0.157080489,19.11737864,0.446470322
BAJAJHLDNG,78.57142857,4.737148961,2.999695863,0.249023557,12.28189199,0.292417797,14,19.11371109,35.12298488,0.401836892,11.23157643,1.701783467
ACC,77.77777778,3.804151394,1.659613326,0.251342888,14.68892171,0.385486209,9,16.2117048,35.44631575,0.316300991,11.4487818,1.41602007
M&M,80,2.604205148,3.17712294,0.251608081,13.82802439,0.350864104,15,11.36342826,36.76447246,0.173086348,54.45189587,0.208687468
ITC,100,4.559328287,1.603432034,0.251985832,18.57262339,0.538626449,7,18.60234333,33.96625118,0.400466429,0,inf
LT,81.81818182,3.600620505,2.719460359,0.251988474,24.49029458,0.773459763,11,15.49535586,32.69902069,0.320968507,19.21926348,0.806240878
RELIANCE,80,1.595788407,3.345996793,0.25243186,20.25605702,0.604363372,10,5.396097938,28.78509595,0.013760522,38.94700608,0.13854975
CASTROLIND,54.54545455,0.653497088,0.910082391,0.255620701,7.349981203,0.091932351,11,-4.673222641,22.18084078,-0.436107122,50.54895416,-0.092449443
ULTRACEMCO,77.77777778,2.099869121,2.533397995,0.256225076,17.13950366,0.473782811,9,8.700227057,23.51094485,0.157383171,10.12216584,0.859522279
SJVN,60,2.588925516,3.961877189,0.256612119,0.210748101,-0.186633894,10,11.28976135,34.78535953,0.180816339,20.55606086,0.549218132
KARURVYSYA,78.57142857,4.929477239,2.07002883,0.258695849,17.07720833,0.466849715,14,19.64796549,36.29903737,0.403535922,19.2902352,1.018544631
JAGRAN,64.70588235,1.616983832,0.530356082,0.258721183,7.847486494,0.110060044,17,5.55259419,36.27884768,0.015231856,44.89560748,0.123677894
GRASIM,88.23529412,6.012351976,2.167656695,0.258868376,18.65900165,0.527642731,17,22.34983444,32.34400289,0.536415808,11.45648881,1.950845047
CIPLA,75,2.54932764,2.578806768,0.259509,19.35933031,0.553326872,4,11.09703878,30.80637166,0.197914862,0.518241064,21.41288979
COALINDIA,100,3.517442469,1.728122832,0.259978163,-4.329285221,-0.358848801,7,15.19221168,29.41172584,0.346535655,0,inf
MARICO,75,1.186966836,1.868089154,0.260153134,27.29935989,0.857162838,4,1.946097101,8.03847512,-0.379910724,10.18242767,0.191123096
NESCO,50,1.719088409,1.50782555,0.260619001,14.69029631,0.371818488,6,6.281882136,28.35503221,0.045208276,19.31385692,0.325252598
PFIZER,54.54545455,1.339086487,2.185948054,0.261012971,11.96300914,0.266768701,11,3.337893577,21.87587133,-0.075978981,34.53411502,0.096654962
SUNDARMFIN,64.28571429,3.623831741,2.527293273,0.262687901,26.93576505,0.835050454,14,15.57884019,39.5356414,0.2675773,19.29745391,0.807300293
NHPC,50,2.749954643,3.702127614,0.262956866,-3.720439003,-0.331630017,12,12.04747335,42.94910333,0.164088952,20.37325595,0.591337653
HCLTECH,77.77777778,2.232370168,2.757572559,0.263403792,20.43856426,0.586117767,9,9.450737006,20.79054932,0.214075008,5.874107082,1.608880613
HONAUT,85.71428571,2.641480023,2.795587065,0.265369396,35.63341643,1.154368849,7,11.54154291,26.4294295,0.247509804,8.324031226,1.38653287
AMBUJACEM,66.66666667,1.583084437,2.673894685,0.267481451,13.64909354,0.323353022,12,5.301411745,29.98660039,0.010051548,34.72722308,0.152658672
OIL,71.42857143,9.246691511,2.882954545,0.267782315,-2.904054891,-0.295167173,14,28.4177254,53.60907576,0.436823897,10.20417409,2.784911855
CUB,50,1.328728748,0.873826029,0.269584008,31.9992132,1.001513901,16,3.24770114,25.14249686,-0.069694703,36.80421004,0.088242653
BLUEDART,50,1.824066843,1.991227808,0.270140099,26.32689814,0.78947547,6,6.992658755,42.98720478,0.046354695,45.29371725,0.15438474
MRF,100,1.613224343,1.642238599,0.270478113,30.30892878,0.935710786,6,5.524969382,8.288937538,0.063333736,0,inf
TATACHEM,83.33333333,1.496893787,3.254336206,0.270892537,5.541567301,0.019991961,6,4.640592766,9.174985152,-0.039172514,5.86823329,0.790798957
LAXMIMACH,61.11111111,2.640674025,2.092578179,0.271371396,48.21248361,1.592374295,18,11.53771518,35.77342434,0.182753407,46.55272666,0.247841878
GRINDWELL,87.5,4.898103407,4.933615432,0.274188613,19.26032585,0.520091833,8,19.56209173,41.28272517,0.352740563,10.16624075,1.924220781
BOSCHLTD,45.45454545,1.49673271,1.529233881,0.274607305,28.85144927,0.868565723,11,4.639326506,28.71328973,-0.012561204,44.91612813,0.103288656
CARBORUNIV,64.28571429,2.729867884,4.417644629,0.2750687,42.37659461,1.358809438,14,11.95514032,31.15642266,0.223232956,19.33912835,0.618184031
SUPREMEIND,64.70588235,2.200575873,4.069449775,0.275509384,40.36813966,1.283736299,17,9.274327758,25.42835684,0.16809296,19.24530278,0.48190085
ZEEL,38.0952381,0.345742592,0.257997202,0.276823896,16.62982991,0.420116546,21,-11.25725579,24.5847949,-0.661272785,65.42574081,-0.172061572
GEPIL,33.33333333,0.698739999,0.361467687,0.278076506,18.09558953,0.470934769,12,-3.950895305,43.22434256,-0.207079964,78.58365115,-0.050276301
ONGC,69.23076923,2.532688113,1.460060506,0.2808649,9.439693439,0.158072206,13,11.01526053,44.68584171,0.134612224,45.77104332,0.240660027
KANSAINER,60,1.406552498,0.817180157,0.281245626,61.45952259,2.007480913,5,3.910660745,20.00544047,-0.05445215,10.19453105,0.38360379
EXIDEIND,90.90909091,1.39703961,2.032759795,0.281865054,29.56377698,0.871472949,11,3.831395595,22.20642857,-0.052624599,44.88287622,0.085364306
ABB,82.35294118,3.702775462,7.102106385,0.282999411,34.33147219,1.036449939,17,15.85927043,26.89155275,0.403817159,19.24046495,0.824266486
TATAINVEST,73.33333333,6.589204747,7.977873387,0.283024838,9.25903207,0.150482625,15,23.61683121,49.85625424,0.373410147,15.45109067,1.528489588
IGL,66.66666667,2.364211902,1.528164192,0.283516183,17.7906286,0.451142805,6,10.15924749,33.77058725,0.152773402,10.19395062,0.996595713
THERMAX,83.33333333,2.801606774,4.669471751,0.284474804,48.20722999,1.518842067,6,12.28218295,27.68647945,0.263023074,0.521907657,23.53324919
ZYDUSWELL,44.44444444,1.571197808,1.443030556,0.285009012,23.87951862,0.662418303,9,5.212204714,28.44620916,0.007459859,27.53775304,0.189274873
BLUESTARCO,70.58823529,3.848394617,3.945949167,0.285231905,26.65839246,0.759325731,17,16.36290995,46.06704009,0.2466603,43.32177167,0.377706389
SIEMENS,76.92307692,7.142949109,6.312036022,0.285723688,20.72732911,0.550438405,13,24.74362482,45.19914618,0.43681411,10.14244943,2.439610371
CUMMINSIND,100,9.193579457,4.723619399,0.286984964,20.42067096,0.537333759,12,28.34886169,43.69810118,0.534322111,0,inf
BATAINDIA,87.5,2.187057497,1.728924732,0.287741277,28.15544919,0.804731579,8,9.198635415,21.3707891,0.196466092,10.13006302,0.908053128
PETRONET,66.66666667,1.266112177,1.250530351,0.289784953,26.60889392,0.745687231,9,2.688775858,12.11824457,-0.190722685,19.34202245,0.139012136
BALMLAWRIE,81.81818182,2.611128515,1.785539854,0.290260544,17.25098528,0.42206857,11,11.39668132,22.63967882,0.282542936,10.18896383,1.118531924
ECLERX,56.25,2.023754896,2.671993925,0.290537707,15.69198226,0.368006699,16,8.249873066,46.84153258,0.069380161,49.49208199,0.166690766
TECHM,83.33333333,2.099202662,1.94923833,0.290573829,14.66865547,0.332743506,6,8.69634706,29.39776084,0.125735667,10.14750148,0.856993919
HATSUN,75,1.98619932,1.983360404,0.291480871,32.20863676,0.933462173,12,8.022097851,35.06574272,0.086183768,41.91843334,0.19137399
RAMCOCEM,80,2.16272682,0.915210248,0.293850392,23.006247,0.612769201,10,9.06135021,32.66117302,0.124347959,36.2184244,0.250186207
FINPIPE,72.72727273,3.694863697,2.385923498,0.29485377,19.05004657,0.476508969,11,15.83140616,35.38459006,0.306105176,11.48104396,1.378916953
AIAENG,75,2.460012411,2.604866449,0.294948617,24.89318866,0.674462856,8,10.65739597,27.72301753,0.204068549,11.3299928,0.940635723
CARERATING,35.29411765,0.517671857,0.75647187,0.294993915,1.149646758,-0.130523141,17,-7.136405037,36.08777785,-0.336302365,73.45343001,-0.097155504
DRREDDY,83.33333333,2.167914997,2.783119977,0.295567061,18.20143379,0.446647666,6,9.090738939,22.7298335,0.179972235,1.363229029,6.668533862
TATAPOWER,81.81818182,4.830349507,4.983908116,0.295580843,8.547693282,0.120024466,11,19.37496335,37.69159491,0.381383791,11.47562798,1.688357569
GAIL,77.77777778,1.800332611,1.857798165,0.296529656,11.08324187,0.205147841,9,6.835199485,34.62681579,0.052999372,43.15337683,0.158393155
JKCEMENT,75,3.703715594,3.970087324,0.2968436,12.94100015,0.267514615,16,15.86257794,30.0567771,0.361401953,27.46531486,0.577549466
TIMKEN,73.33333333,4.328228196,5.617249688,0.297369613,19.38095838,0.483605512,15,17.91062695,34.27844044,0.376639858,10.18764903,1.758072632
SHREECEM,63.15789474,1.412499783,1.468447172,0.2980012,43.53213812,1.293019563,19,3.959974501,16.75988025,-0.062054471,26.52716731,0.149279961
TORNTPHARM,85.71428571,2.454864211,4.007768747,0.298099836,29.9775632,0.837892551,14,10.62633157,14.8947467,0.377739325,10.18203765,1.04363507
FINCABLES,70.58823529,7.415092729,1.999651738,0.298465335,17.8365989,0.430086761,17,25.26923793,44.1267453,0.459341331,34.96247231,0.722753177
VTL,53.84615385,1.762687258,1.82878198,0.298584313,24.50568427,0.653272239,13,6.587698935,42.99241615,0.036929744,41.70482392,0.157960119
LUPIN,81.81818182,1.179641455,2.005065535,0.299098579,31.2102362,0.876307614,11,1.875153482,21.56787784,-0.144884283,42.94951404,0.043659481
WHIRLPOOL,62.5,1.095471919,0.952981095,0.299783017,28.3722399,0.779638558,8,1.03065126,10.81815561,-0.366915478,27.4831415,0.037501217
GLENMARK,76.92307692,0.633821018,2.080421769,0.30020267,46.49660035,1.382286183,13,-4.998341295,38.66895133,-0.258562515,73.45910241,-0.068042504
GODREJIND,69.23076923,2.723542733,1.403557365,0.300892782,37.84928687,1.091727313,13,11.92594058,30.63482011,0.226080668,19.34777882,0.616398435
APOLLOHOSP,69.23076923,4.119982234,5.21761069,0.301471299,19.95252474,0.495985018,13,17.25864137,40.3226739,0.304013603,19.24608648,0.896735105
ASTRAL,87.5,7.31074577,4.85005821,0.301548052,50.00719081,1.492537942,16,25.06976033,37.03365089,0.541933076,10.18038577,2.462555045
CONCOR,85.71428571,2.994416044,2.089719936,0.302010224,19.09132931,0.466584512,7,13.12568048,31.1050756,0.261233266,10.19032217,1.288053534
HAVELLS,80,3.162180783,3.519544243,0.302897741,45.07568163,1.32307628,10,13.82126381,30.90854964,0.285398827,10.17489538,1.358369133
APLLTD,28.57142857,0.704882671,1.747350526,0.303043603,43.69541357,1.276892607,7,-3.856313957,10.820375,-0.818484938,35.74303586,-0.107889939
KAJARIACER,61.9047619,1.036582198,2.191756337,0.30330709,37.03694173,1.056254297,21,0.404837623,24.13016593,-0.190432274,47.73052229,0.008481735
THOMASCOOK,60,3.202586393,2.08314327,0.303435141,14.21805539,0.303789975,20,13.98388874,42.98854945,0.208983296,21.6354123,0.646342605
BHARTIARTL,87.5,2.32885468,3.867049284,0.304412177,19.39872953,0.473001103,8,9.972750692,22.40933452,0.221905326,10.19308509,0.978383935
JKLAKSHMI,62.5,1.779401861,1.807732284,0.304536206,15.60540433,0.348247733,16,6.694802928,37.04744596,0.045746822,42.21436934,0.158590618
LICHSGFIN,77.77777778,3.10932391,1.122518338,0.304577098,22.90134173,0.587744181,9,13.60571752,34.36557932,0.250416774,10.20094082,1.333770852
TTKPRESTIG,73.33333333,1.808914509,1.257347932,0.304674586,44.99099325,1.31258054,15,6.892345599,15.56322436,0.121590845,19.32283104,0.356694399
GSPL,77.77777778,1.401783282,1.534381646,0.305312635,12.37968407,0.241709095,9,3.870981428,10.96197681,-0.102994067,10.18976109,0.379889321
GESHIP,50,1.733481331,3.07758765,0.305572588,16.04964564,0.36160461,18,6.381574197,35.26942121,0.039172012,34.92352531,0.182729955
EICHERMOT,77.77777778,4.270786441,1.523719913,0.306301407,32.44036234,0.895861452,9,17.73361568,36.03560589,0.353362053,10.11963454,1.752396849
ATUL,75,2.470592282,2.065809303,0.306977754,33.3573421,0.923758863,8,10.70580713,29.73122962,0.191912921,19.04716608,0.56206824
EMAMILTD,80,2.512719256,1.109948176,0.307130353,20.2630472,0.496956652,10,10.91648774,22.11729555,0.267505027,10.18584788,1.071730883
PERSISTENT,76.47058824,3.180887549,10.42288024,0.309213144,13.97148092,0.290139054,17,13.89678289,29.42523561,0.302352138,19.3199474,0.719297139
TRENT,90.90909091,8.145918179,13.36570065,0.309469904,23.23398431,0.589200568,22,26.60038458,34.74401662,0.621700848,10.18912774,2.610663568
GREAVESCOT,62.5,2.747264022,1.014913033,0.31096398,27.83783259,0.734420514,8,12.03514013,42.39027277,0.16596119,27.58566048,0.436282471
RALLIS,16.66666667,0.610501349,1.126482229,0.311400831,20.88657148,0.51016471,6,-5.397959404,9.462835856,-1.098820646,41.56610642,-0.129864447
BAJAJFINSV,100,4.099106149,2.809213626,0.311672736,2.230566012,-0.088857114,8,17.19167823,32.47416126,0.37542704,0,inf
JSWSTEEL,75,2.423265681,2.838725065,0.311767415,24.54755781,0.626991689,12,10.46528537,27.46779783,0.198970642,27.54104552,0.379988674
GODREJCP,33.33333333,1.282063414,1.761439728,0.312456762,33.0103959,0.896456703,9,2.833449058,32.21385268,-0.067255257,27.51807407,0.102966837
AXISBANK,66.66666667,2.580693731,2.139588694,0.312778227,29.72381484,0.79045831,9,11.24991377,34.68785161,0.180175868,19.31298827,0.582505079
TVSMOTOR,81.25,2.221335361,3.431938899,0.312845588,23.25962319,0.58366248,16,9.389764996,32.56255985,0.134810194,47.87214077,0.196142576
CYIENT,58.82352941,2.372133143,2.754802243,0.312897434,16.74160225,0.375254029,17,10.20068958,33.62380677,0.154672837,41.51304653,0.2457225
IOC,53.84615385,0.856266711,1.44890943,0.314911544,7.621588486,0.083248409,13,-1.729785875,29.55752248,-0.22768437,63.08409245,-0.027420318
INDHOTEL,85.71428571,10.14030488,4.212904945,0.31518789,14.92593255,0.314921127,14,29.75683219,48.41390634,0.511357874,19.36822482,1.53637375
MPHASIS,76.92307692,0.995098578,2.555524503,0.316423162,18.15542834,0.415754278,13,-0.05523665,33.88098664,-0.149205709,43.67887603,-0.001264608
PIIND,76.92307692,3.428352591,4.098752419,0.317022227,40.02023516,1.104661825,13,14.86038162,31.85761423,0.309514126,10.1848231,1.459071156
TITAN,71.42857143,3.058644958,3.338792854,0.317357806,24.72107992,0.62141468,14,13.40234105,31.76721838,0.264497223,10.19179412,1.315012931
HINDZINC,61.53846154,1.229102669,2.144650059,0.319506631,35.77751273,0.96328244,13,2.346776985,39.60370746,-0.066994309,45.11796084,0.052014252
ICICIBANK,81.81818182,3.233979403,3.92690238,0.319601612,17.75677916,0.399146271,11,14.10898737,39.76047155,0.229096563,38.35384982,0.367863655
UBL,83.33333333,1.49320364,1.830535899,0.320255872,23.97637201,0.592537832,6,4.611553402,27.97669594,-0.013884649,33.98285139,0.135702368
NLCINDIA,80,7.498912316,2.623936461,0.321443558,14.20263563,0.286290871,15,25.42767742,42.62033215,0.479294186,10.21158967,2.490080216
BERGEPAINT,62.5,1.760008447,2.110770457,0.321468992,35.88131248,0.960631141,8,6.563403922,23.58054506,0.066300585,10.19314337,0.643903817
VGUARD,62.5,1.501332886,1.597430407,0.321498015,42.56382544,1.168399917,8,4.675441894,20.51453084,-0.015820889,19.33306245,0.24183659
CCL,80,1.492437192,2.037165726,0.321805136,29.69648345,0.767435963,10,4.609721202,27.35285851,-0.0142683,40.48718094,0.113856314
EIHOTEL,90.90909091,11.95759612,2.584121592,0.322063794,7.28479652,0.070942359,11,32.18459294,53.70044423,0.506226593,10.19771176,3.15606027
GULFOILLUB,50,1.471213625,1.022937552,0.322102745,31.6651029,0.827844633,8,4.43717196,27.65681304,-0.02035043,31.68008485,0.140061871
MCLEODRUSS,28.57142857,0.182738006,0.149859512,0.323354332,4.270114708,-0.022572306,21,-17.39757337,33.00949047,-0.678519209,83.35193576,-0.208724287
SUNPHARMA,80,3.182580223,2.773612072,0.323670998,26.84197386,0.674820235,10,13.90359674,31.13768623,0.285942786,10.19305864,1.364025974
CHOLAFIN,82.35294118,6.195249705,4.005492792,0.323797581,23.81046577,0.580932869,17,22.76281962,35.35656842,0.502390939,10.19922812,2.231817875
FSL,86.66666667,7.735844665,3.300089647,0.323996995,-4.454506366,-0.291808458,15,25.86718431,50.00173493,0.417329206,44.44490792,0.582005578
BHARATFORG,69.23076923,1.295309521,2.144939299,0.324492616,17.35397303,0.380716615,13,2.952378376,29.15216522,-0.070239092,48.10985723,0.061367432
IOB,56.25,2.18753484,3.844010979,0.325165296,1.00633423,-0.122819557,16,9.201315231,53.93799579,0.077891571,56.86708326,0.161803889
FDC,45.45454545,1.241732531,1.664233702,0.32615637,15.16266911,0.311588858,11,2.464502641,23.27695412,-0.108927369,34.91440141,0.070586994
COROMANDEL,71.42857143,1.646225058,2.463426144,0.328834244,25.76401225,0.631443124,14,5.765534367,15.01908433,0.050970775,19.3107436,0.29856615
MHRIL,60,3.931747561,2.04460843,0.329529976,0.016152285,-0.151241103,15,16.64363205,40.96856971,0.284208898,34.95564563,0.476135736
AARTIIND,60,2.219832761,2.071581659,0.329726675,34.33731093,0.889746361,15,9.381441707,31.58356633,0.138725363,41.55683835,0.22574965
NMDC,69.23076923,2.761778448,2.764814803,0.329746192,-11.86157559,-0.511350123,13,12.10154445,31.21965838,0.227470281,27.58100274,0.43876376
SHOPERSTOP,63.63636364,2.913322704,1.3502712,0.330141679,8.341347355,0.101209498,22,12.77696531,34.11056666,0.22799285,35.82668422,0.356632649
BPCL,61.53846154,1.598529194,1.500119862,0.330346404,13.54558751,0.258685653,13,5.416438009,24.44124197,0.017038333,20.47819458,0.264497829
CERA,62.5,2.178539864,2.061604198,0.330504848,38.02428827,0.99920738,8,9.150729804,32.89205314,0.126192481,19.16975834,0.477352382
HCL-INSYS,59.09090909,2.219121745,0.317073168,0.331466543,1.458244661,-0.106851066,22,9.37750146,31.34250205,0.139666624,27.57223816,0.340106647
WABAG,71.42857143,2.231913714,1.96954463,0.331914955,-3.340023168,-0.251269882,14,9.448220213,24.16141562,0.184104288,19.32135764,0.48900395
LINDEINDIA,76.47058824,16.17875714,17.39627947,0.332131235,24.85829992,0.59790522,17,36.79400797,55.0721209,0.577315844,10.18785219,3.611556907
3MINDIA,66.66666667,1.151894406,1.641279744,0.332585571,30.08436445,0.754222871,6,1.602838791,8.695950607,-0.390660132,17.05175363,0.093998472
ALLCARGO,53.84615385,1.868220964,1.738341998,0.333800541,4.018687926,-0.029398157,13,7.280811806,31.6092889,0.072156378,34.89312365,0.208660362
AJANTPHARM,66.66666667,1.743301525,2.520719265,0.33383855,37.45323616,0.972123686,9,6.449172637,23.8443969,0.060776234,19.28497084,0.334414436
JYOTHYLAB,62.5,1.983288179,2.117305216,0.334154852,16.90914553,0.356396008,16,8.0042825,30.29965378,0.099152371,34.92433664,0.229189249
GET&D,84.21052632,3.272112775,3.614730066,0.334367568,26.6578401,0.647725503,19,14.2595041,33.6626067,0.275067947,43.94570507,0.324480039
BALKRISIND,56.25,2.843655997,2.400272185,0.335114443,18.03324931,0.388919356,16,12.47043737,38.93437305,0.191872548,28.46783414,0.438053605
PAGEIND,44.44444444,1.654974553,1.454454825,0.335702679,48.13024021,1.284774978,9,5.828597353,27.0530375,0.030628625,18.83559411,0.309445899
GMDCLTD,53.84615385,1.408527682,2.94679662,0.337383636,12.69373167,0.228041044,13,3.927059084,45.76815077,-0.02344296,55.80568588,0.070370232
L&TFH,90.90909091,4.777950014,1.003821941,0.338083883,16.74032292,0.34726065,11,19.24736992,37.05229826,0.384520545,10.18520146,1.889738754
UPL,72.72727273,2.037822153,1.022164837,0.3385873,21.82464797,0.496907237,11,8.334226292,22.91432019,0.14550841,11.44061962,0.728476828
ELGIEQUIP,73.68421053,5.358427169,4.290248818,0.338595685,21.77653062,0.495473846,19,20.77584971,38.02771649,0.414851355,20.50244276,1.013335335
MOIL,66.66666667,0.756534501,2.401819888,0.339015909,-3.801004131,-0.259604458,6,-3.088723078,19.30636164,-0.418966723,47.8308203,-0.064576001
IPCALAB,73.33333333,2.334135851,3.33765947,0.339269102,17.76753155,0.376324619,15,10.00076597,22.6636093,0.22065179,11.44765692,0.873608114
KPRMILL,80,4.026862051,5.958173119,0.339561839,18.32019997,0.392276116,15,16.95758436,31.26129392,0.38250446,19.34363721,0.876649214
BIOCON,64.28571429,0.839492469,1.008972268,0.341687224,15.26098762,0.30030352,14,-1.9481697,23.13872894,-0.300283119,55.57117561,-0.035057198
PHOENIXLTD,73.33333333,5.921452224,5.279775431,0.342202046,4.959155878,-0.001193567,15,22.14041726,41.19785562,0.4160512,19.32304457,1.145803767
JBCHEPHARM,82.35294118,10.01003155,11.11561213,0.342983627,13.56102374,0.249604444,17,29.56830131,45.9931781,0.534172726,19.3440195,1.528550015
KTKBANK,66.66666667,2.63485261,1.90060485,0.343471787,10.44095968,0.158410672,15,11.51003816,30.45066022,0.213789721,27.56984025,0.417486574
VOLTAS,100,1.661358159,2.156613052,0.344532188,52.21786885,1.370492235,6,5.874421488,9.035932173,0.096771586,0,inf
ADANIPORTS,76.92307692,2.658161701,3.801270239,0.344624205,6.709542339,0.049605986,13,11.6205332,25.00328211,0.264786566,19.3147159,0.601641425
BEL,71.42857143,4.375274904,6.079710115,0.344685729,17.39845949,0.359703302,21,18.05405861,38.36382785,0.340269971,29.80242254,0.605791646
PEL,64.28571429,1.556842667,0.539185566,0.344710185,18.81649894,0.400814932,14,5.10366996,34.47388006,0.003007203,43.46429697,0.117422121
BAJFINANCE,75,4.259375272,3.490140919,0.34485633,46.24335618,1.195957637,12,17.69819989,37.37630054,0.339739346,11.4167559,1.550195173
AUROPHARMA,58.82352941,1.026127588,1.926576385,0.345108293,24.07981638,0.552864617,17,0.29045258,33.25327202,-0.141626587,58.50875346,0.004964259
FEDERALBNK,80,2.336170839,1.625630763,0.345269575,14.15167485,0.265058827,10,10.01154606,24.04112767,0.208457196,19.33830199,0.517705539
SOUTHBANK,55.55555556,3.723204308,1.048923681,0.345517971,12.06065147,0.20434976,18,15.93097469,43.55970875,0.250942327,20.52906745,0.776020378
GODREJPROP,75,3.104994529,3.810022033,0.345677028,11.52303358,0.188703126,16,13.58791887,41.48321918,0.207021515,49.71296077,0.273327492
SUNDRMFAST,78.57142857,3.596624545,1.998660201,0.345804377,24.32918743,0.558963065,14,15.48093534,30.27081129,0.346238997,11.45586378,1.351354698
NAUKRI,66.66666667,5.251036882,4.622264597,0.345886311,21.17917806,0.46776,15,20.50121152,43.58803366,0.35562998,27.45848669,0.746625688
RELAXO,70,3.753206457,2.259201072,0.346089066,55.54899311,1.460577582,10,16.03565035,38.9539535,0.28329988,27.55406629,0.581970377
SBIN,66.66666667,3.272265116,3.214938976,0.346172937,12.7131931,0.22281329,9,14.26010228,35.40090465,0.261578126,15.4363543,0.923799882
BIRLACORPN,71.42857143,4.978134405,1.852286873,0.3468876,21.46529175,0.474657836,14,19.78019099,44.12865501,0.334934092,11.49440306,1.720854131
EVEREADY,53.84615385,1.408097174,0.854362587,0.34749201,14.13105518,0.26277022,26,3.923486673,29.55267048,-0.036426939,36.79188605,0.106639999
UNICHEMLAB,58.33333333,3.634184513,1.949106745,0.348686747,13.35730796,0.239679541,12,15.61592326,40.34172405,0.263149965,19.34725513,0.807138953
IDFC,70.58823529,6.414816783,2.137440758,0.349085795,1.932575684,-0.087870213,17,23.2445455,44.23796698,0.412418263,28.54965475,0.814179566
REDINGTON,61.53846154,1.170993366,2.568380394,0.349764356,8.957572923,0.113149692,13,1.790894882,14.15162978,-0.226765763,32.00262521,0.055960874
PTC,73.33333333,3.645069232,2.252247383,0.350628186,5.169002699,0.004819998,15,15.65481076,33.38326103,0.319166266,15.47468109,1.011640283
APOLLOTYRE,75,2.287709718,1.621272865,0.350962453,22.61271728,0.5018405,16,9.752535214,36.51337908,0.130158735,43.92215945,0.222041342
DIVISLAB,92.30769231,2.305817662,3.832539085,0.351813775,38.95603776,0.965170785,13,9.849881827,31.5815809,0.153566784,45.81647968,0.214985566
TATASTEEL,76.92307692,1.048518526,2.727571832,0.351980977,6.90938344,0.054246779,13,0.534189094,35.5052346,-0.125778944,60.55219435,0.008821961
ORIENTCEM,52.63157895,2.273580389,1.430769231,0.352032393,6.89169636,0.053736429,19,9.676101107,43.085077,0.108531803,43.24225648,0.223764944
SRF,91.66666667,3.41656934,5.38809713,0.352781113,30.3675071,0.719072144,12,14.81592137,24.38249034,0.402580755,10.18411289,1.454807259
ASHOKLEY,66.66666667,1.796813645,1.540400541,0.353713144,19.05909384,0.397471625,12,6.811697073,38.05163972,0.047611538,51.77037503,0.131575193
VINATIORGA,64.28571429,2.712266461,3.812019045,0.354775532,54.18456096,1.386357192,14,11.87373462,30.67815408,0.22405959,19.30222912,0.615148362
TATAMOTORS,73.68421053,16.56849089,2.591203046,0.354825536,7.605527103,0.073431217,19,37.12231075,57.28572157,0.56073852,11.47864294,3.234033061
ENGINERSIN,70,2.359139108,1.558685446,0.355562268,9.528900157,0.127372912,10,10.13264304,27.41721311,0.187205134,27.57193898,0.367498385
BHEL,58.33333333,5.819427909,3.253311313,0.355949134,11.56942227,0.184560704,24,21.90194508,48.39586963,0.349243545,28.67926449,0.763685731
MCDOWELL-N,60,1.441261557,1.684947519,0.356547153,28.54326425,0.660312782,5,4.195891851,21.24299428,-0.037852863,19.20973567,0.218425278
CAPF,40,0.872880888,0.908038932,0.357131145,-3.887831083,-0.248867432,5,-12.43548948,27.32144457,-0.638161333,27.48543792,-0.452439198
RAJESHEXPO,45.45454545,1.989506387,0.411327233,0.357462541,53.21010107,1.348675611,11,8.042308055,34.84883196,0.087300144,27.4821822,0.292637171
BASF,69.23076923,1.229742135,2.126392335,0.359485532,17.48988396,0.347437737,13,2.352763334,28.46258974,-0.093007583,54.60219231,0.043089173
REPCOHOME,41.17647059,1.180069634,0.759931762,0.359886788,17.43316329,0.345474291,17,1.879310978,31.58386528,-0.098806432,50.43040922,0.037265432
GPPL,69.23076923,4.945280391,1.409057949,0.361813306,8.216400495,0.088896689,13,19.69103698,40.85723659,0.35957001,27.59391587,0.713600675
EIDPARRY,64.70588235,1.91143266,2.471577429,0.361848863,19.77697301,0.408374173,17,7.55702056,26.08815085,0.098014634,24.28434057,0.311189037
SADBHAV,42.85714286,2.576842669,0.065524196,0.361907188,16.40034192,0.315007336,21,11.2312332,49.9677292,0.124705151,41.57855716,0.270120802
BRIGADE,75,4.332686904,7.57312788,0.362705831,-5.028151022,-0.27648166,20,17.92427945,33.02927561,0.391297696,11.49613247,1.559157351
RAYMOND,78.94736842,4.387321231,2.124394522,0.365611431,6.948227763,0.053286839,19,18.09056416,43.78224521,0.298992528,43.11265904,0.419611422
APLAPOLLO,83.33333333,4.607792924,7.166432038,0.36574522,35.22885329,0.826500296,18,18.74344632,42.45599608,0.323710373,44.41417263,0.422014983
J&KBANK,52.17391304,4.943621479,2.207579597,0.366551262,9.821619848,0.131540124,23,19.68652136,51.75111164,0.283791418,27.62994962,0.712506596
VRLLOG,53.84615385,1.863958439,1.429974223,0.368192804,-0.099324355,-0.138496035,13,7.2532594,29.67907056,0.075920821,34.91723012,0.207727227
CHAMBLFERT,68.75,3.951800891,2.361377282,0.369049959,15.79209532,0.292429116,16,16.71038026,36.74661683,0.31867914,20.49021319,0.815529839
INOXLEISUR,64.28571429,3.14421963,1.934423226,0.369177597,2.778976228,-0.060161391,14,17.28129101,38.67242273,0.31757232,27.55313594,0.627198699
HERITGFOOD,68.75,2.175434436,1.043836044,0.369264512,27.93064412,0.620981528,16,9.133222623,24.64712211,0.167695953,27.5450311,0.331574235
DCBBANK,66.66666667,2.315813776,0.718135863,0.369406935,11.26974866,0.169724715,12,9.903329705,29.36430261,0.166982672,19.34080435,0.512043322
M&MFIN,71.42857143,1.0477474,0.874365289,0.369469645,20.38050911,0.416286136,14,0.525872152,22.73516955,-0.196793248,43.78409675,0.012010574
JUBLFOOD,92.85714286,4.063553613,1.982826275,0.370072501,30.85700362,0.698701025,14,17.07693835,24.31419318,0.496703232,10.20037639,1.674147864
ZENSARTECH,64.70588235,3.593942558,3.217434804,0.370602989,20.83386055,0.427245895,17,15.47124867,50.24897,0.20838733,54.67254859,0.282980199
CEATLTD,55.55555556,2.864292143,1.475092171,0.370737031,20.38286957,0.414926708,9,12.56192326,35.73048578,0.211637852,10.65368579,1.179115238
TVSSRICHAK,69.23076923,7.50111531,1.103277481,0.371377328,31.11594578,0.703218635,13,25.43182037,46.44852321,0.439880947,11.38795168,2.233221661
KNRCON,58.33333333,1.644647233,2.09345794,0.371668785,20.16109979,0.407919643,12,5.75413037,25.49002121,0.029585317,25.18641374,0.228461679
HEIDELBERG,58.33333333,1.501647434,1.274746105,0.372800635,7.088508459,0.056022127,12,4.67790778,25.76902669,-0.0124992,27.57675711,0.169632265
BAJAJELEC,46.15384615,0.649208106,1.612070521,0.373084206,19.90159625,0.399416433,13,-4.741747318,28.60789351,-0.340526551,43.66745608,-0.10858767
IRB,60,2.553543032,2.348120444,0.3748147,-1.354131065,-0.169527264,25,11.11768094,46.39875985,0.131850096,54.42563242,0.204272885
RECLTD,78.57142857,7.605791714,5.45978355,0.37875233,6.863061918,0.049189451,14,25.62744117,46.24579575,0.446039274,19.31625649,1.326729182
MUTHOOTFIN,66.66666667,1.848420321,3.891742484,0.378971353,15.47371807,0.27637229,12,7.152347249,23.71453326,0.090760684,28.4742427,0.251186566
GUJALKALI,75,3.607031848,1.008598452,0.379048683,18.81596523,0.364490522,8,15.5184633,36.57340153,0.287598716,11.42547592,1.358233426
TNPL,58.82352941,3.076431919,0.683727408,0.380037865,11.25441846,0.164573561,17,13.46993912,39.01318305,0.217104539,20.5043701,0.65693016
NBCC,68.42105263,9.907807439,1.322778761,0.380313597,39.57877012,0.909217299,19,29.41883209,76.20712371,0.320427158,44.82988309,0.65623263
IBULHSGFIN,65,1.68867372,0.134856088,0.38382567,22.93614543,0.467299267,20,6.068755494,35.44080601,0.030156072,44.23934612,0.137180045
YESBANK,47.36842105,2.171205891,0.072596153,0.384316442,22.77417539,0.46248803,19,9.109348057,42.72772047,0.096175223,36.00560707,0.252998041
TORNTPOWER,81.81818182,5.542871811,5.810609063,0.384926596,11.67072153,0.173298535,11,21.2467675,43.47631401,0.373692386,11.46166164,1.853724893
JCHAC,27.27272727,0.844088991,0.708276129,0.385793516,21.54402304,0.428831029,11,-1.887945087,32.1010474,-0.214570727,57.28641672,-0.032956243
ASHOKA,58.33333333,0.977186194,1.023725735,0.386751716,6.774558501,0.045883662,12,-0.259175972,28.90086913,-0.181972935,49.26351903,-0.005261012
MOTILALOFS,55.55555556,1.476259033,2.127321969,0.388102458,11.8340511,0.176088839,18,4.477385686,23.97473041,-0.021798548,41.43266171,0.108064158
MFSL,81.81818182,2.98078461,2.020171042,0.389629729,10.41545598,0.138989804,11,13.06765373,40.69706619,0.19823674,42.95566447,0.304212585
HINDALCO,75,3.174653245,2.964773632,0.390002009,4.719291041,-0.007197629,12,13.87165894,30.10364036,0.294703858,10.20598194,1.359169459
SOBHA,58.82352941,1.737676042,3.453316357,0.390252174,-5.864733066,-0.278402883,17,6.41049045,31.78168253,0.04438061,36.72282141,0.174564214
GSFC,85.71428571,4.307834337,1.705360724,0.390729583,6.668212282,0.042694804,14,17.8480217,45.4969519,0.282393021,44.45007447,0.401529624
DEEPAKFERT,47.05882353,1.609070079,1.655443409,0.391084873,11.16751644,0.157702761,17,5.494377228,46.11647235,0.010720187,55.51430934,0.09897227
UCOBANK,55.55555556,1.73964649,2.523178918,0.391213114,0.234650656,-0.12180955,18,6.424052363,35.92606359,0.039638419,30.66010845,0.209524776
CENTURYTEX,80,7.26561138,1.701558588,0.39157494,-6.810705208,-0.301620559,15,24.9826941,41.24406329,0.484498677,11.48554414,2.175142404
OBEROIRLTY,84.61538462,5.936342677,3.50909451,0.392950405,5.693056117,0.017637241,13,22.17491682,39.2433213,0.437651969,10.17747049,2.178823986
RPOWER,42.85714286,5.146128404,0.598300951,0.393096573,-17.93862901,-0.583536734,14,20.22806367,57.17361254,0.266347761,27.50422815,0.735452875
PFC,64.70588235,2.200841154,6.914084421,0.39334165,5.803222437,0.020420478,17,9.275808994,25.47344295,0.167853596,19.35973058,0.479129033
SAIL,50,0.612888736,2.051914339,0.394068979,3.288339598,-0.043435553,14,-5.356431225,21.68826118,-0.47751321,53.63779382,-0.099863004
NATCOPHARM,50,0.901125504,1.291623635,0.398190452,17.14629928,0.305037432,8,-1.163896854,39.84918745,-0.154680616,50.81374541,-0.022905158
CENTURYPLY,58.82352941,1.324001083,1.856308712,0.399507515,19.11654705,0.353348723,17,3.206326319,16.17874399,-0.110866065,27.56147048,0.116333645
HINDCOPPER,47.05882353,0.963894931,4.801480287,0.401101633,-19.84751797,-0.619481846,17,-0.412657673,38.68342043,-0.1399219,55.09139723,-0.007490419
DISHTV,42.85714286,5.263625768,0.204868157,0.401248681,-8.249839756,-0.33021516,21,20.53366272,63.56369585,0.244379477,42.47600778,0.483417906
HINDPETRO,63.63636364,0.477768902,1.596673466,0.40256986,7.981912518,0.074071927,11,-7.97027702,28.27837184,-0.458664208,69.93473348,-0.113967361
INDOCO,38.46153846,0.879063049,1.373838113,0.402592373,10.91463664,0.146913778,13,-1.439008653,22.5959811,-0.284962561,36.76331162,-0.03914252
TEXRAIL,68.75,5.806241128,2.527164553,0.404210288,10.21016807,0.128897463,16,21.87085191,41.1254084,0.410229407,19.33065796,1.131407526
STAR,63.63636364,1.126676844,1.335956331,0.405640541,12.51920836,0.185366294,11,1.350250997,38.79492031,-0.094078013,49.03697673,0.027535364
RKFORGE,71.42857143,3.325744596,4.007328472,0.406237311,20.15846835,0.373143184,21,14.46858157,41.43615674,0.22851013,53.4919,0.270481729
BEML,63.63636364,6.2682408,4.624526383,0.408237849,13.76244849,0.214640767,22,22.92461896,50.36026456,0.355927816,28.4644682,0.805376682
IIFL,61.11111111,10.72890057,0.921762503,0.409420431,30.02116332,0.611136167,18,30.58272512,66.05464198,0.387296401,34.93476745,0.87542375
SONATSOFTW,71.42857143,2.259255352,4.136921861,0.409439962,18.58010687,0.331675169,14,9.598176685,25.14477416,0.182868084,19.36212582,0.495719157
JSWENERGY,83.33333333,10.1873749,7.717552087,0.409451813,-4.273829285,-0.22649379,12,29.82442326,48.24484995,0.51455074,19.35150661,1.541193865
NAVINFLUOR,66.66666667,3.784690241,4.104312489,0.409808357,23.40446274,0.449099254,12,16.14469977,40.90693269,0.272440367,19.29419598,0.836764579
PFS,58.33333333,2.715216322,1.460952323,0.410536168,-4.657127273,-0.23523207,12,11.88741023,48.26916247,0.142687585,50.17894485,0.236900363
NATIONALUM,75,5.394269297,2.544000041,0.410644333,12.41081561,0.180467987,16,20.86642497,40.41907791,0.39254792,19.35924303,1.077853351
UFLEX,56.25,2.225092141,1.194539228,0.410657494,15.95758354,0.266830235,16,9.410552928,36.83859101,0.119726428,27.55766449,0.341485866
KEC,71.42857143,2.592336922,1.793145176,0.411346244,31.43775232,0.642712866,14,11.30624198,40.12098916,0.157180621,47.59768028,0.237537668
CENTRALBK,52.38095238,1.389719157,0.919343308,0.411370292,-8.480781065,-0.327704293,21,3.770071843,26.00499679,-0.04729584,36.77524615,0.102516563
VIPIND,66.66666667,3.528255703,1.27214445,0.411740504,33.30216373,0.687378663,15,15.2319783,35.93703936,0.284719567,21.63247781,0.704125456
RCF,64.70588235,4.979724887,1.958834704,0.412061814,4.188904867,-0.019683822,17,19.78449372,43.11411139,0.342915422,21.62306097,0.914971925
JKTYRE,78.57142857,7.348885442,2.500463228,0.413235845,19.86754544,0.359783538,14,25.14296233,44.51102078,0.452538764,11.49598282,2.187108551
KSCL,44.44444444,0.868343221,1.571785544,0.413592627,26.03946835,0.508700276,9,-1.574900543,26.58119545,-0.247351574,45.86061926,-0.034341022
SUNTECK,69.23076923,6.212813906,1.152716576,0.413730188,3.325714238,-0.040468059,13,22.80190816,45.02347693,0.395391679,10.20600097,2.234166763
ITDCEM,70.58823529,5.754879589,2.380966382,0.413993664,11.05771314,0.146323813,17,21.74914576,41.05500734,0.407968402,11.50648878,1.890163557
KRBL,56.25,2.101104498,0.604282335,0.417898542,36.21472429,0.74694504,16,8.707416298,34.08248849,0.108777747,21.63924107,0.402390096
GRANULES,58.82352941,2.273393562,3.864492419,0.41829154,17.66211851,0.302710366,17,9.675087623,33.53692615,0.139401196,27.56372806,0.351007948
MINDACORP,68.75,1.086165428,2.32984876,0.418426861,74.01683463,1.649436043,16,0.933770053,39.66054228,-0.102525828,67.12348913,0.013911226
NFL,43.47826087,0.831500258,1.746814031,0.420714497,1.393472631,-0.085723867,23,-2.053585686,40.65930185,-0.173480246,65.81276985,-0.031203453
RELINFRA,66.66666667,1.980174713,0.366992648,0.421695976,3.656355108,-0.031862881,15,7.985203273,24.29700514,0.122863014,27.63140145,0.288990165
ABFRL,72.72727273,2.221314627,1.981931961,0.422604289,3.802675563,-0.028332047,11,9.394032988,38.32471826,0.114652715,43.67104795,0.215108944
ESCORTS,68.18181818,1.892652964,4.206871888,0.423052725,9.634792421,0.109555905,22,7.437668984,18.81846115,0.129536043,28.54917894,0.260521292
GAYAPROJ,20,0.481510293,0.038385828,0.423530949,31.95327276,0.636394408,10,-7.89627827,45.30678118,-0.284643445,72.46398369,-0.108968316
TATAELXSI,75,3.897465126,6.798196788,0.423870297,19.32378067,0.337928389,16,16.52881874,34.74215915,0.331839443,19.18003578,0.86177205
RELCAPITAL,66.66666667,1.095030394,0.027603935,0.424665775,11.07519714,0.143058318,9,1.026992726,25.24637212,-0.157369433,40.18630272,0.02555579
HIMATSEIDE,46.15384615,1.094004795,0.321789689,0.426165387,19.46029043,0.339311706,13,1.015882633,33.14778529,-0.120192566,50.71956782,0.020029402
SHILPAMED,40,0.537627743,0.984952262,0.426239074,22.22095306,0.404020985,15,-6.74057831,30.30410629,-0.387425328,69.46713029,-0.097032629
MRPL,58.82352941,1.881593855,1.846572774,0.426449274,4.152205006,-0.019880324,17,7.366891799,40.67660951,0.058188031,53.41729862,0.137912099
TV18BRDCST,38.88888889,0.622010369,0.605734767,0.426948919,-8.005114257,-0.30460586,18,-5.199072944,35.24383564,-0.289386009,60.11828208,-0.08648073
CGPOWER,83.33333333,6.210605987,7.89045347,0.427521791,38.63276409,0.786691224,18,22.7969999,46.67414376,0.38130319,44.3846069,0.513624013
SUVEN,66.66666667,21.73326472,11.25756336,0.427563915,30.29615842,0.59163455,15,41.37070845,167.1771911,0.217557839,19.34241268,2.138859776
GHCL,85.71428571,6.103193761,1.816451233,0.429150754,11.74266096,0.157116372,7,22.55632924,45.19245439,0.388479216,10.1999971,2.211405457
IFCI,57.89473684,5.829531469,2.786223451,0.432260222,6.041194699,0.02408722,19,21.92572602,63.69981552,0.265710754,57.13581401,0.383747504
NETWORK18,35.71428571,1.287676285,1.358603049,0.432902207,-2.722579161,-0.178390848,14,2.883976392,37.51299007,-0.056407756,52.89665315,0.054520962
MANAPPURAM,64,0.665926963,1.386102016,0.43459617,11.86190127,0.157891434,25,-4.468992803,31.70193018,-0.298688211,51.8709508,-0.086155984
CANFINHOME,63.63636364,2.550502916,1.642284665,0.435016232,27.59257445,0.519350148,11,11.10279698,32.8947748,0.185524814,19.34304689,0.573994213
IFBIND,60,4.339030288,0.979374188,0.435076955,33.21712118,0.648554718,15,17.94368132,41.20397562,0.314136709,20.43475294,0.878096318
PRESTIGE,64.28571429,4.966589767,5.190671031,0.43627984,1.636173793,-0.07710249,14,19.74892265,45.369115,0.32508729,27.55412746,0.716731919
PRSMJOHNSN,75,1.428057387,1.29525039,0.436284929,16.13341326,0.255186749,12,4.088108939,28.78888321,-0.031675111,42.67998549,0.095785153
FLFL,33.33333333,0.825717463,0.004527448,0.436908029,25.21971706,0.462791154,12,-2.13042206,23.37831365,-0.305001557,48.66611988,-0.043776288
SWANENERGY,53.33333333,4.595408561,3.238940602,0.436950442,5.47927126,0.01096855,15,18.70751545,49.01258748,0.279673369,28.53625311,0.65557014
CANBK,71.42857143,4.02603109,2.092836764,0.437056281,11.7885442,0.155324257,21,16.95487017,34.45005685,0.347020332,21.62306235,0.784110497
JISLJALEQS,56.25,1.401636909,0.542147295,0.438332026,22.32807456,0.39531847,16,3.869761724,37.92687239,-0.029800461,40.5283755,0.095482774
IDBI,46.66666667,2.211273361,1.181692077,0.43842278,-0.299158788,-0.120868692,15,9.333933381,57.2424691,0.075711853,55.81487186,0.167230221
SCI,57.89473684,6.026631789,3.585454545,0.44000342,-1.627073455,-0.150614135,19,22.38247691,61.27998204,0.283656691,55.80323245,0.401096423
IDEA,50,0.832339748,0.33528029,0.440581231,-6.851429239,-0.268995327,16,-2.042470788,35.83810473,-0.196507902,64.20196112,-0.031813215
SYMPHONY,62.5,0.981213326,0.591360331,0.441272262,36.7422204,0.719334142,8,-0.213038125,29.41525305,-0.177222277,50.19849817,-0.004243914
NILKAMAL,50,1.230223206,1.042291115,0.444589678,19.81318877,0.333187869,16,2.357265046,23.6798225,-0.111602819,34.59166132,0.068145471
SUNTV,53.84615385,0.874486834,0.756193862,0.445724775,4.163742155,-0.018761754,13,-1.496838973,30.52875055,-0.21281051,54.93010338,-0.027249884
TVTODAY,29.41176471,0.797752059,0.444571804,0.446027835,4.999021943,-2.19282E-05,17,-2.508877946,31.91785139,-0.235256373,52.81138743,-0.047506382
AEGISCHEM,80,3.927029406,2.494667723,0.446171449,39.26883504,0.768064275,15,16.62788361,30.32074339,0.383495993,27.57817981,0.602936224
WOCKPHARMA,47.82608696,0.906019326,0.754318242,0.447469482,7.424668243,0.054186226,23,-1.103683491,47.00340767,-0.129856191,68.15793184,-0.016193031
GNFC,37.5,1.601082149,1.613743198,0.447638331,14.82195648,0.219417235,16,5.435356303,52.97930976,0.008217478,54.96253953,0.098892015
VEDL,71.42857143,2.292550216,1.516509517,0.448322329,13.51052348,0.189830462,21,9.77862406,35.28431949,0.135431946,54.31715534,0.18002828
BANKBARODA,60,1.953712893,1.746679795,0.449671326,14.49925697,0.211248892,20,7.821962453,32.19285638,0.087658033,36.8595735,0.212209793
BANKINDIA,52.94117647,2.605068531,1.136626602,0.450200883,6.873619951,0.041617421,17,11.36757939,40.33321367,0.157874337,34.93718306,0.32537195
TIMETECHNO,57.89473684,1.310621454,1.578571429,0.45567728,8.062041105,0.067197581,19,3.088517873,36.7695214,-0.051985505,60.49951806,0.051050289
GRAPHITE,61.29032258,3.02224367,0.798697611,0.456250843,34.06989232,0.637147148,31,13.24341385,34.45270789,0.239267517,38.66110475,0.342551356
SPARC,64.70588235,2.332125145,0.476901519,0.456642554,-2.808945974,-0.171007846,17,9.990106325,41.18069422,0.121175867,43.08015339,0.231895793
DREDGECORP,50,1.773525678,1.425346297,0.457253373,-1.494909025,-0.142041796,16,6.655123944,35.5927277,0.046501745,35.87169688,0.185525763
JMFINANCIL,60,1.498713665,0.577007322,0.458793668,9.712505702,0.102715143,15,4.65489079,36.32325645,-0.009501054,43.04041862,0.108151615
INOXWIND,63.15789474,7.087152259,4.99786403,0.460059891,-37.91206343,-0.932749502,19,24.63366868,65.56749493,0.299442105,49.34546029,0.499208408
BBTC,52.94117647,3.84672504,1.169644291,0.460077092,35.18611731,0.656109983,17,16.3572321,46.0527082,0.246613772,38.58470457,0.423930474
PRAJIND,62.5,2.723920917,5.461779849,0.460093181,26.64256603,0.470395279,16,11.92768814,32.27195216,0.214665915,19.33421234,0.616921338
EDELWEISS,62.5,3.352511259,0.491770837,0.460272569,1.753812527,-0.070527502,24,14.57181117,37.03925071,0.258423456,27.56267261,0.528679181
VMART,46.66666667,1.276885073,0.952913637,0.462531757,56.02694746,1.103209601,15,2.786658965,40.57979736,-0.05454293,60.46468939,0.046087378
INDIANB,68.42105263,4.270885023,1.778439327,0.462948304,8.148779485,0.06801579,19,17.73392128,37.33439322,0.341077494,34.91350764,0.507938688
BALRAMCHIN,55.55555556,2.154233572,4.918011735,0.464100617,30.41829472,0.547689311,9,9.013104379,35.57044058,0.112821329,27.58018264,0.326796399
MMTC,55,3.717115899,1.651053835,0.465946072,-33.88855242,-0.834614878,20,15.90964127,56.86814205,0.191841001,42.5292445,0.374087089
RADICO,78.94736842,2.901729541,4.219935425,0.466233172,16.82095033,0.253541598,19,12.72641072,16.94057885,0.456088944,19.32244491,0.658633562
INDIACEM,43.75,1.326024702,1.381016423,0.466792609,-4.435751632,-0.202140125,16,3.224052326,31.66919348,-0.056078083,43.20933703,0.074614714
UNIONBANK,65,4.905635979,1.56055367,0.471666452,10.88528081,0.124776328,20,19.58275368,40.63784272,0.358846649,19.29521843,1.014901891
RUPA,25,1.219042545,0.623741169,0.473339652,12.46427989,0.157693949,12,2.252233684,36.32627364,-0.075641293,38.72365166,0.058161707
DLF,91.66666667,4.37923229,3.795832189,0.474858843,-9.858888243,-0.312911688,12,18.06606102,28.98563379,0.450777137,10.19170238,1.772624468
NCC,68.75,2.215144106,2.262128319,0.475733615,24.16579361,0.402868181,16,9.355437848,38.59339294,0.112854494,56.49742715,0.165590511
GMRINFRA,70,5.213018884,4.501380497,0.477037906,-1.956534956,-0.145827719,20,20.40278916,39.34401704,0.391489998,15.45038122,1.320536295
PNB,66.66666667,3.784089472,1.257827856,0.477095258,13.74782099,0.183355857,15,16.14262646,36.40266674,0.306093686,19.36664147,0.833527407
DCAL,61.11111111,2.737516748,0.489508393,0.477386618,10.56852355,0.116645992,18,11.99037081,51.68461325,0.13525052,49.45695961,0.242440516
DCMSHRIRAM,75,4.987501823,2.188053855,0.477660539,27.64298377,0.474039237,16,19.80551512,37.78290287,0.391857533,19.34022587,1.024058108
SUZLON,57.14285714,5.970619391,4.271129976,0.478507616,-22.22720252,-0.56900249,21,22.25404128,78.46170898,0.21990397,56.2320537,0.395753664
KOLTEPATIL,71.42857143,3.140234873,1.379498312,0.480677417,2.63055978,-0.04929377,7,13.73216122,34.77034424,0.251138187,10.19212122,1.347331034
JINDALSAW,68.75,2.212146601,4.255485944,0.480710178,10.06156161,0.105293415,16,9.338787705,36.76515694,0.118013578,50.0195705,0.186702677
CHENNPETRO,57.89473684,1.97990808,2.737949587,0.484090305,14.18823994,0.189804254,19,7.98356812,43.45034364,0.068666157,59.18108021,0.134900683
IL&FSTRANS,26.66666667,0.280952876,0.06211657,0.485347216,-28.69932608,-0.694334385,15,-13.30402288,23.49289371,-0.779130196,76.77298,-0.173290432
AVANTIFEED,50,1.910920187,0.668857235,0.48688014,86.15181616,1.666771953,20,7.553777455,34.87298784,0.073230819,30.61526693,0.246732373
GODFRYPHLP,63.15789474,1.95414132,4.215273589,0.490346561,13.23983524,0.168041053,19,7.824620972,38.18195872,0.073977896,43.78833463,0.178691906
SUDARSCHEM,50,1.285469786,1.553954738,0.49351735,26.21528664,0.429879246,14,2.86543352,39.6766296,-0.053799088,54.84134499,0.052249512
ICIL,50,1.734567399,3.578238215,0.495016359,15.58651835,0.21386199,16,6.38906696,34.50244383,0.040259959,27.55691716,0.231849845
JKIL,57.14285714,3.372808456,2.629086384,0.496189958,9.299810654,0.086656543,21,14.64960378,44.13978354,0.21861466,35.86548308,0.408459681
FCONSUMER,35.29411765,0.968858068,0.021312872,0.49833941,26.52448536,0.431924205,17,-0.355443708,31.55675356,-0.169708322,42.3474029,-0.008393518
TRIDENT,66.66666667,3.608605308,5.010239142,0.5007417,12.08681808,0.141526421,9,15.52412872,37.08322184,0.283797583,19.36572248,0.801629205
RENUKA,50,1.953800469,2.583333221,0.503499901,-1.50949055,-0.129284843,16,7.822505927,35.53419866,0.07943069,28.63199439,0.273208559
BLISSGVS,45.45454545,2.866974852,0.50921314,0.507761778,18.4456283,0.264801899,11,12.57377346,45.12320643,0.167846526,20.51268424,0.612975528
DEN,28.57142857,0.931563991,0.462945583,0.50860297,-8.84049807,-0.272127748,14,-0.793992162,30.6267751,-0.189180615,41.53786617,-0.0191149
HATHWAY,55.55555556,0.652873304,0.543160689,0.509327064,-3.569910678,-0.16825948,9,-4.681423443,19.79542034,-0.489073901,48.13564098,-0.097254827
DELTACORP,58.82352941,1.641230876,0.404905818,0.517230227,24.7561637,0.381960734,17,5.729404747,38.08877004,0.019150126,49.51670949,0.115706492
BOMDYEING,76.19047619,10.62440457,0.643752464,0.51774663,2.53027874,-0.047701349,21,30.43908576,42.22222745,0.602504588,19.32136887,1.575410415
JUSTDIAL,36.36363636,1.541504944,2.068904343,0.519727523,-3.590922334,-0.16529666,11,4.986720251,32.72987154,-0.000405738,27.86162174,0.178981694
RAIN,42.85714286,1.120018815,0.441474274,0.52362041,27.25330268,0.424989215,14,1.282724932,49.63145769,-0.07489756,60.72879782,0.021122185
ADANIPOWER,70,6.634928399,28.96240652,0.525443306,-7.108277681,-0.230439279,20,23.71299479,61.22849032,0.305625611,34.95468175,0.678392524
WELCORP,80,10.57596861,3.770020293,0.531817362,15.40793839,0.195705126,15,30.37208032,46.67821498,0.543552926,10.19576436,2.978891944
JINDALSTEL,75,4.823740172,4.116626162,0.534890036,24.14139944,0.357856721,24,19.35658464,44.67570311,0.321351062,48.02598989,0.403043949
CAPLIPOINT,42.85714286,0.770888206,2.217925675,0.535494598,70.92104914,1.231031077,14,-2.883682605,33.16926397,-0.23768036,60.62159365,-0.047568571
HEG,56.25,1.934578128,0.790032354,0.537484872,32.99104322,0.520778252,16,7.702694576,46.14474287,0.058569935,45.54895113,0.169108056
JETAIRWAYS,40,1.307664718,0.071954675,0.540423953,-10.82270805,-0.292783249,15,3.062339699,34.89965023,-0.055520909,57.72132321,0.053053872
JAICORPLTD,57.89473684,1.443332151,1.813806238,0.541422852,20.89922231,0.293656285,19,4.212714124,46.13297972,-0.017065576,73.30902642,0.057465149
GVKPIL,36.36363636,1.948965472,0.63363366,0.541521545,-10.58047481,-0.287716619,11,7.792468585,62.71469859,0.044526541,58.31343014,0.13363077
INTELLECT,68.75,1.712584103,5.268300144,0.548361345,35.28653986,0.552309898,16,6.236587061,32.44047712,0.038118646,45.01217432,0.138553339
VAKRANGEE,45.45454545,0.831408815,0.162749808,0.550762851,21.43684495,0.298437793,11,-2.05479701,39.52269514,-0.178499897,61.70596723,-0.03329981
HSCL,53.33333333,1.843402779,2.254208754,0.555189658,13.60528061,0.154997135,15,7.119600032,30.2151527,0.070150234,41.57763963,0.171236273
EROSMEDIA,56.25,4.005119813,0.107500002,0.559907879,-9.163693373,-0.252964709,16,16.88640281,42.7568565,0.277999923,19.39072545,0.870849461
HFCL,73.33333333,5.962255247,3.611701976,0.562651101,-4.996188379,-0.177662291,15,22.23477073,48.69449949,0.353936706,20.49684911,1.084789697
RNAVAL,70,4.395984751,0.077181208,0.568025654,-14.38683394,-0.341302084,10,18.13433222,56.15477754,0.233895188,19.34526148,0.937404348
TAKE,53.33333333,2.927721299,0.107811665,0.57112791,4.542341635,-0.008013238,15,12.83950561,38.45662573,0.203853184,27.51761458,0.466592247
HCC,70,3.01491369,1.634194164,0.588222652,7.435263723,0.041400373,20,13.21249575,28.31898927,0.289999607,20.93167969,0.631220043
VENKEYS,33.33333333,0.645442713,0.393561527,0.603369698,30.01831468,0.414643207,18,-4.804035854,40.80638319,-0.240257408,53.29129439,-0.090146729
JPPOWER,53.84615385,4.998282364,4.161290319,0.608907402,-18.35140578,-0.383496829,13,19.83460733,51.23397677,0.289546279,20.82462194,0.95245942
IBREALEST,61.9047619,1.775230268,0.728520458,0.610529067,9.775222661,0.078214502,21,6.666646204,38.07189585,0.043776286,53.91434972,0.123652538
JSL,68.18181818,7.853667626,8.455611238,0.62776113,-15.6669428,-0.329216669,22,26.08131358,56.00000178,0.376452016,43.4335644,0.600487525
ITI,70,2.201410305,2.369175667,0.62916561,5.903264711,0.014356549,10,9.278986387,25.82789728,0.165673045,11.42510426,0.812157699
PCJEWELLER,63.15789474,10.68687287,0.151564267,0.693911539,2.489737637,-0.036175539,19,30.52510408,65.40051121,0.390289061,19.39621235,1.573766235
JPASSOCIAT,64.28571429,5.600478331,0.741626808,0.713636307,-4.571925096,-0.134128897,14,21.37738164,50.65311639,0.323324265,19.50102971,1.096218095
RCOM,26.66666667,0.452600551,0.072210063,0.718669696,-15.9929757,-0.29210882,15,-8.528620316,15.21642459,-0.889080101,54.73994489,-0.155802501
GREENPLY,42.10526316,1.217099764,0.802685536,2.087719113,24.89790436,0.095309298,19,2.233896024,30.13909674,-0.091777932,42.4019466,0.052683808